department;fName;lName;position;address;projectName
Research and Development;Darwin;Bonner;Department Manager;24 Cherokee Way;Job
Sales;Etheline;Figgess;Food Chemist;02 Autumn Leaf Point;Ventosanzap
Sales;Yolande;Josefovic;Account Representative III;9211 Golf Course Place;Fix San
Human Resources;Analiese;Pavolini;Recruiter;28 Continental Junction;Opela
Support;Zechariah;Cholonin;Research Nurse;1 Hoepker Hill;Sonsing
Product Management;Nickola;Burgett;Recruiter;8649 Lakewood Terrace;Kanlam
Engineering;Simon;Stiffkins;Account Executive;702 Evergreen Alley;Bigtax
Accounting;Ingra;Boultwood;Developer III;85 Independence Court;Vagram
Legal;Rosene;Thies;Tax Accountant;5437 Mitchell Crossing;Tampflex
Human Resources;Claudius;MacKain;Speech Pathologist;7 Thackeray Avenue;Gembucket
Product Management;Susannah;Waszczykowski;Assistant Media Planner;1611 Green Street;Otcom
Research and Development;Warner;Strelitz;VP Quality Control;828 Ridgeview Crossing;Bytecard
Support;Shae;Suston;Physical Therapy Assistant;80475 Oneill Way;Bitwolf
Support;Thoma;Skentelbury;Environmental Specialist;6855 Forest Run Center;Bamity
Human Resources;Merridie;Mityukov;Account Representative III;35481 Donald Place;Kanlam
Training;Pet;Iacovini;Cost Accountant;92 Mandrake Pass;Bytecard
Support;Lorenzo;Milham;VP Marketing;9390 Westend Lane;Sonair
Accounting;Tonie;Helsdon;Research Associate;66 Rutledge Way;Bytecard
Support;Hewett;Klugman;Product Engineer;99 Cascade Street;Sub-Ex
Marketing;Saraann;Iori;Tax Accountant;15 Calypso Avenue;Cardguard
;Sully;Bunch;Recruiting Manager;2 Eliot Plaza;
;Hobie;Carrabott;Programmer;23 Jana Park;
;Ashton;Annable;;374 Waubesa Circle;
;Tanney;Battrum;;4324 Union Crossing;
;Roderic;Wittman;;8 West Parkway;
;Binky;Durnan;;81572 Cherokee Hill;
;Sileas;Stillmann;;9696 Grasskamp Lane;
;Chickie;Veel;;49 Moulton Lane;
;Huntlee;Muddicliffe;;85115 Stang Circle;
;Ker;Jerred;;5 Sullivan Center;
;Bert;Bierling;;1218 Green Trail;
;Jackson;Barkley;;95791 Cardinal Terrace;
;Hamid;Gummer;;313 Portage Plaza;
;Addison;Rennard;;26 Becker Street;
;Rosaline;Vondrasek;;9134 Rieder Drive;
;Glen;Lampens;;30780 2nd Road;
;Shani;Erley;;3970 Rusk Parkway;
;Horatius;Maleney;;9 Erie Junction;
;Otho;Moulton;;71 Waywood Pass;
;Julian;Weond;;58 Toban Terrace;
;Marco;Vasquez;;72 Wallstreet;
